{"Year":[2020,2020,2020,2018,2018,2018,2016,2016,2016,2014,2014,2014,2012,2012,2012,2010,2010,2010,2008,2008,2008,2006,2006,2006,2005,2005,2005,2004,2004,2004,2002,2002,2002,2000,2000,2000,1998,1998,1998,1996,1996,1996,1994,1994,1994,1992,1992,1992],"\u00c1mbito":["Total","Urbano","Rural","Total","Urbano","Rural","Total","Urbano","Rural","Total","Urbano","Rural","Total","Urbano","Rural","Total","Urbano","Rural","Total","Urbano","Rural","Total","Urbano","Rural","Total","Urbano","Rural","Total","Urbano","Rural","Total","Urbano","Rural","Total","Urbano","Rural","Total","Urbano","Rural","Total","Urbano","Rural","Total","Urbano","Rural","Total","Urbano","Rural"],"Value":[5.860714234,2.462260479,11.50848823,5.694596744,1.6359274,11.99919928,5.801821028,1.662002707,12.68256647,6.449928174,1.570972001,14.55013675,6.543733099,1.604974698,14.74852209,7.936325485,2.232538134,17.42903768,7.88517539,1.945673927,17.76973305,6.636779983,1.297053626,15.51420572,9.364706194,1.764871982,22.24623566,8.526336619,2.425834547,18.70283886,8.614271555,1.543179968,20.06477141,12.57891022,2.14230229,28.94066717,17.53327718,4.735187554,37.45131702,18.29001279,6.528352666,36.56750108,12.48811837,2.492395173,27.53487919,10.58177023,2.760779858,22.39886283]}