{"data":{"Year":[2021,2020,2019,2018,2017,2016,2015,2014,2013,2012,2011,2010,2009,2008,2007,2006,2005,2004,2003,2002,2001,2000],"Value":[276.5326628,1371.75,3531.43,840.3719807,16051.21,4470.04,2363.5,1179.91,2677.33,877.3977789,1534.73,1743.06,493.5686281,1349.98,2787.32,504.7937655,771.5902933,114.7882954,1125.7,7136.3,167.8937983,50.10614365]},"edges":[]}