{"data":{"Year":[2020,2020,2020,2020,2020,2020,2020,2020,2020,2020,2020,2020,2020,2020,2020,2020,2020,2020,2020,2020,2020],"Sexo":["Total Grupos de edad","Total Grupos de edad","Total Grupos de edad","Total Grupos de edad","Total Grupos de edad","Total Grupos de edad","Total Grupos de edad","Hombres Grupos de edad","Hombres Grupos de edad","Hombres Grupos de edad","Hombres Grupos de edad","Hombres Grupos de edad","Hombres Grupos de edad","Hombres Grupos de edad","Mujeres Grupos de edad","Mujeres Grupos de edad","Mujeres Grupos de edad","Mujeres Grupos de edad","Mujeres Grupos de edad","Mujeres Grupos de edad","Mujeres Grupos de edad"],"Clasificaci\u00f3n":["Total","De 15 a 24 a\u00f1os","De 25 a 34 a\u00f1os","De 35 a 44 a\u00f1os","De 45 a 54 a\u00f1os","De 55 a 64 a\u00f1os","De 65 a\u00f1os y m\u00e1s","Total","De 15 a 24 a\u00f1os","De 25 a 34 a\u00f1os","De 35 a 44 a\u00f1os","De 45 a 54 a\u00f1os","De 55 a 64 a\u00f1os","De 65 a\u00f1os y m\u00e1s","Total","De 15 a 24 a\u00f1os","De 25 a 34 a\u00f1os","De 35 a 44 a\u00f1os","De 45 a 54 a\u00f1os","De 55 a 64 a\u00f1os","De 65 a\u00f1os y m\u00e1s"],"Value":[65.69122972,69.63114234,64.63126226,63.88991924,64.96438972,62.51550963,67.53603445,66.4797,68.04408724,65.48522793,64.64718736,67.60465886,64.4817353,68.4306744,64.96646177,71.25601732,63.87134992,63.16908036,62.68898985,60.75898847,66.79253393]},"edges":{"From":["Sexo"],"To":["Clasificaci\u00f3n"]}}