{"Year":[2022,2021,2020,2019,2018,2017,2016,2015,2014,2013,2012,2011,2010,2009,2008,2007,2006,2005,2004,2003,2002,2001,2000,1999,1998,1997,1996,2022,2021,2020,2019,2018,2017,2016,2015,2014,2013,2012,2011,2010,2009,2008,2007,2006,2005,2004,2003,2002,2001,2000,1999,1998,1997,1996,2021,2020,2019,2018,2017,2016,2015,2014,2013,2012,2011,2010,2009,2008,2007,2006,2005,2004,2003,2002,2001,2000,1999,1998,1997,1996,2021,2020,2019,2018,2017,2016,2015,2014,2013,2012,2011,2010,2009,2008,2007,2006,2005,2004,2003,2002,2001,2000,1999,1998,1997,1996],"Trimestre":["I","I","I","I","I","I","I","I","I","I","I","I","I","I","I","I","I","I","I","I","I","I","I","I","I","I","I","II","II","II","II","II","II","II","II","II","II","II","II","II","II","II","II","II","II","II","II","II","II","II","II","II","II","II","III","III","III","III","III","III","III","III","III","III","III","III","III","III","III","III","III","III","III","III","III","III","III","III","III","III","IV","IV","IV","IV","IV","IV","IV","IV","IV","IV","IV","IV","IV","IV","IV","IV","IV","IV","IV","IV","IV","IV","IV","IV","IV","IV"],"Value":[3.715510266,3.434690106,3.045157677,2.549005942,2.374380878,2.634018767,2.363514531,1.924735791,1.723253078,1.617289983,1.815229155,1.773004012,1.931261402,2.714947331,2.111632684,2.387767739,2.405447954,2.214759504,1.964610229,1.771944248,1.133758266,1.118224163,0.819732504,0.930500745,0.878572142,0.920959981,0.983190719,4.11387551,3.968248037,4.57038572,2.982144414,2.975884712,2.604577497,2.521817897,2.104913972,1.839600649,1.88079121,2.232186808,1.980993976,2.208123497,2.512490353,2.236252505,2.605667511,2.886894662,2.609195195,2.549101801,2.0709372,1.289504901,1.180548414,0.938325593,1.044668867,1.073682563,1.108561922,1.159734494,4.201379217,4.017762841,3.122028699,2.742801324,2.529082786,2.564466337,2.302843864,1.793877317,1.809094491,1.807536995,2.064785272,2.128949367,2.347587149,2.114896377,2.652566532,2.727602103,2.58980968,2.603389672,2.277589952,1.338462119,1.227279908,0.953158447,0.980017181,1.136675575,1.016960822,1.059108709,4.288672533,3.457684676,2.826365393,2.922864045,2.661236585,2.572368286,2.138895753,1.837358695,1.69008675,1.634116263,1.900931938,1.792844526,1.941760167,2.593589767,2.261170982,2.470291937,2.44089063,2.255427385,2.180796234,1.326169868,1.167749372,0.996666088,0.971984045,1.193754957,0.850474759,0.919806614]}